/* 
     * This ï¬le contains two SQL commands that insert two tuples 
     * into the c table. 
     \i f01.sql
    */ 

-- drop tables
DROP TABLE t;
DROP TABLE c;
DROP TABLE v;

-- create tables
CREATE TABLE IF NOT EXISTS c (                  --customer
    Account CHAR(5), 
    Cname CHAR(20), 
    Province CHAR(3),
    Cbalance NUMERIC(10,2), 
    Crlimit INTEGER, 
    PRIMARY KEY (Account)
    );

CREATE TABLE IF NOT EXISTS v (                  -- vendor
    Vno CHAR(5), 
    Vname CHAR(20), 
    City CHAR(30),
    Vbalance NUMERIC(10,2), 
    PRIMARY KEY (Vno)
    );

CREATE TABLE IF NOT EXISTS t (                 -- transaction
    Tno CHAR(5),
    Vno CHAR(5),
    Account CHAR(5), 
    T_Date Date,
    Amount NUMERIC(10,2), 
    PRIMARY KEY (Tno),
    FOREIGN KEY (Vno) REFERENCES v(Vno),
    FOREIGN KEY (Account) REFERENCES c(Account)
    );

-- displays data of all the transactions of a given customer. 
-- For each transaction, the data to display include vendor name, date, and amount.
-- insert tuples
INSERT INTO c VALUES ('A1', 'Smith', 'ONT', 2515.00, 2000), 
                     ('A2', 'Jones', 'BC', 2014.00, 2500),
                     ('A3', 'Doc', 'ONT', 150.00, 1000);
                     
INSERT INTO v VALUES ('V1', 'IKEA', 'Toronto', 200.00), 
                     ('V2', 'Walmart', 'Waterloo', 671.05),
                     ('V3', 'Esso', 'Windsor', 0.00),
                     ('V4', 'Esso', 'Waterloo', 225.00);  
                     
INSERT INTO t VALUES ('T1', 'V2', 'A1', '2020-07-15', 1325.00), 
                     ('T2', 'V2', 'A3', '2019-12-16', 1900.00),
                     ('T3', 'V3', 'A1', '2020-09-01', 2500.00),
                     ('T4', 'V4', 'A2', '2020-03-20', 1613.00),
                     ('T5', 'V4', 'A3', '2020-07-31', 2212.00),
                     ('T6', 'V4', 'A3', '2020-07-31', 2216.00);                    
                     

-- functions
create or replace function q01(cust_name char) returns void as $$ 
	declare 
        c1 cursor for select Vname, T_Date, Amount FROM c,t,v 
            WHERE c.Account=t.Account AND v.Vno=t.Vno AND Cname=cust_name;
		vendor_name CHAR(20); 
		trans_date Date; 
		trans_amount char(10); 
	begin 
        open c1;
        loop
        fetch c1 into vendor_name, trans_date, trans_amount; 
        exit when not found;
        raise notice '~~~~~~~~~~~~~~~~~~~~~~~~~~ ';
		raise notice 'Vendor name: %', vendor_name; 
		raise notice 'Date: %', trans_date; 
		raise notice 'Amount: %', trans_amount; 
        end loop;
        close c1;
	end; 
$$ language plpgsql;

create or replace function q02(vendor_name char) returns void as $$ 
	declare 
        c2 cursor for select c.Account, Cname, Province FROM c,t,v 
            WHERE c.Account=t.Account AND v.Vno=t.Vno AND Vname=vendor_name;
		cust_num CHAR(5); 
		cust_name CHAR(20); 
		c_province CHAR(3); 
	begin 
        open c2;
        loop
        fetch c2 into cust_num, cust_name, c_province; 
        exit when not found;
        raise notice '~~~~~~~~~~~~~~~~~~~~~~~~~~ ';
		raise notice 'Customer Number: %', cust_num; 
		raise notice 'Customer Name: %', cust_name; 
		raise notice 'Province: %', c_province; 
        end loop;
        close c2;
	end; 
$$ language plpgsql;

       

-- // to do: double-check c_Cbalance
create or replace function q03(c_account char, c_Cname char, c_Province char, c_Cbalance NUMERIC, c_Crlimit INTEGER) returns void as $$ 
	
	declare 
        c3 cursor for select * from c;
		Account CHAR(5);
        Cname CHAR(20);
        Province CHAR(3);
        Cbalance NUMERIC(10,2);
        Crlimit INTEGER;
	begin 
	INSERT INTO c VALUES (c_account, c_Cname, c_Province, 0.00, c_Crlimit);
        open c3;
        loop
        fetch c3 into Account,Cname,Province,Cbalance,Crlimit;
        exit when not found;
        raise notice '~~~~~~~~~~~~~~~~~~~~~~~~~~ ';
		raise notice 'Account: %', Account; 
		raise notice 'Cname: %', Cname; 
		raise notice 'Province: %', Province;
        raise notice 'Cbalance: %', Cbalance; 
		raise notice 'Crlimit: %', Crlimit; 
        end loop;
        close c3;
	end; 
$$ language plpgsql;
-- select q03('A4', 'burhann', 'ONT', 0.00, 3228);


create or replace function q04() returns void as $$ 
	declare 
        c4 cursor for select DISTINCT ON (c.Account)c.Account,Cname,Amount,Vname FROM c,t,v
            WHERE c.Account=t.Account AND v.Vno=t.Vno ORDER BY c.Account,T_Date DESC;
		cust_num CHAR(5); 
		cust_name CHAR(20); 
		trans_amount NUMERIC(10,2); 
        vendor_name CHAR(20);
	begin 
        open c4;
        loop
        fetch c4 into cust_num, cust_name, trans_amount, vendor_name; 
        exit when not found;
        raise notice '~~~~~~~~~~~~~~~~~~~~~~~~~~ ';
		raise notice 'Customer Number: %', cust_num; 
		raise notice 'Customer Name: %', cust_name; 
        raise notice 'Vendor Name: %', vendor_name;
        if (trans_amount>0) then 
				raise notice 'Amount: %', trans_amount; 
			else 
				raise notice 'no transaction'; 
		end if; 
        end loop;
        close c4;
	end; 
$$ language plpgsql;


create or replace function q05() returns void as $$
	declare 
        c1 cursor for select SUM(Amount) FROM v,t WHERE v.Vno=t.Vno;
        c2 cursor for select v.Vno,Vname,Vbalance FROM v,t WHERE v.Vno=t.Vno GROUP BY Vbalance,v.Vno;
        total_amount integer;
        vendor_no CHAR(5);
        vendor_name CHAR(20);
        vendor_balance NUMERIC(10,2); 
    begin 
		open c1; 
		loop 
			fetch c1 into total_amount; 
			exit when not found; 
				update v set Vbalance = Vbalance + total_amount;
				
		end loop; 
		close c1;

        open c2; 
		loop 
			fetch c2 into vendor_no, vendor_name, vendor_balance; 
			exit when not found; 
			raise notice '~~~~~~~~~~~~~~~~~~~~~~~~~~ '; 
			raise notice 'vendor_no: %', vendor_no; 
			raise notice 'vendor_name: %', vendor_name; 
			raise notice 'New balance: %', vendor_balance; 
		end loop; 
		close c2;
	end; 
$$ language plpgsql;

create or replace function q06() returns void as $$
	declare 
        c1 cursor for select Vname,Vbalance FROM v;
        vendor_name CHAR(20);
        vendor_balance real; 
        new_balance NUMERIC(10,2); 
    begin 
		open c1; 
		loop 
			fetch c1 into vendor_name, vendor_balance; 
			exit when not found; 
				update v set Vbalance = Vbalance - vendor_balance*4/100;
                new_balance := vendor_balance - vendor_balance*4/100;
                raise notice '~~~~~~~~~~~~~~~~~~~~~~~~~~ ';
                raise notice 'vendor_name: %', vendor_name; 
                raise notice 'fee charged: %', vendor_balance*4/100; 
                raise notice 'New balance: %', new_balance; 
                
		end loop; 
		close c1;

	end; 
$$ language plpgsql;

create or replace function q07() returns void as $$
	declare 
        c1 cursor for select Cname,Cbalance,Crlimit FROM c WHERE Cbalance > Crlimit;
        cust_name CHAR(20);
        current_balance NUMERIC(10,2); 
        new_balance NUMERIC(10,2); 
        service_fee NUMERIC(10,2);
        credit_limit INTEGER;
    begin 
		open c1; 
		loop 
			fetch c1 into cust_name, current_balance,credit_limit; 
			exit when not found; 

				if (current_balance > credit_limit) then 
                    service_fee := (current_balance - credit_limit) * 10/100;
                    update c set Cbalance = Cbalance + service_fee; 
                
                end if;
                raise notice '~~~~~~~~~~~~~~~~~~~~~~~~~~ ';
                new_balance := current_balance + service_fee;
                raise notice 'cust_name: %', cust_name; 
                raise notice 'New balance: %', new_balance; 
                
		end loop; 
		close c1;

	end; 
$$ language plpgsql;





-- create or replace function q05() returns void as $$
-- 	declare 
--         c1 cursor for select Account, count(*) from t group by Account;
--         c2 cursor for select Account, Cname, Cbalance from c; 
--         acc char(10); 
--         num_trans integer;
--         cust_acc char(10); 
--         cust_name char(10); 
--         cust_balance real;
      
--     begin 
-- 		open c1; 
-- 		loop 
-- 			fetch c1 into acc, num_trans; 
-- 			exit when not found; 
-- 			if (num_trans>1) then 
-- 				update c set Cbalance = Cbalance + 100 
-- 					where Account = acc; 
-- 			else 
-- 				update c set Cbalance = Cbalance - 100 
-- 				where Account = acc; 
-- 			end if; 
-- 		end loop; 
-- 		close c1;
        
--         open c2; 
-- 		loop 
-- 			fetch c2 into cust_acc, cust_name, cust_balance; 
-- 			exit when not found; 
-- 			raise notice 'Account: %', cust_acc; 
-- 			raise notice 'Customer name: %', cust_name; 
-- 			raise notice 'New balance: %', cust_balance; 
-- 			raise notice '~~~~~~~~~~~~~~~~~~~~~~~~~~ '; 
-- 		end loop; 
-- 		close c2;
-- 	end; 
-- $$ language plpgsql;
                     

-- create or replace function q03(v_name char, v_city char) returns void as $$ 
-- 	declare 
-- 		vendor_num char(10); 
-- 	begin 
-- 		select Vno into vendor_num from v 
-- 			where Vname = v_name and City = v_city; 
-- 		raise notice 'Vendor number is: %', vendor_num; 
-- 	end; 
-- $$ language plpgsql;
-- vendor_num is destination for the result data of the query
-- run command: select q03('Esso', 'Waterloo');





